                  epoch,         train/box_loss,         train/cls_loss,         train/dfl_loss,   metrics/precision(B),      metrics/recall(B),       metrics/mAP50(B),    metrics/mAP50-95(B),           val/box_loss,           val/cls_loss,           val/dfl_loss,                 lr/pg0,                 lr/pg1,                 lr/pg2
                      1,                 1.2167,                 0.6819,                0.89296,                0.88146,                0.89661,                0.93636,                0.55872,                 1.1299,                0.63725,                0.79287,             0.00066606,             0.00066606,             0.00066606
                      2,                 1.2028,                0.67685,                 0.8897,                 0.8738,                0.90097,                0.92886,                0.54208,                 1.1605,                0.74887,                0.80711,              0.0010688,              0.0010688,              0.0010688
                      3,                 1.2487,                 0.7008,                 0.9012,                0.88456,                0.89483,                0.93158,                0.52787,                 1.2057,                0.72107,                0.81833,              0.0012076,              0.0012076,              0.0012076
                      4,                  1.271,                0.71744,                 0.9016,                0.88317,                0.90196,                0.94204,                0.56364,                 1.1468,                0.62169,                0.79721,               0.000812,               0.000812,               0.000812
                      5,                  1.308,                0.73648,                0.92176,                0.87542,                 0.9269,                0.94041,                0.58022,                 1.1151,                0.60144,                0.78894,               0.000416,               0.000416,               0.000416
