                  epoch,         train/box_loss,         train/cls_loss,         train/dfl_loss,   metrics/precision(B),      metrics/recall(B),       metrics/mAP50(B),    metrics/mAP50-95(B),           val/box_loss,           val/cls_loss,           val/dfl_loss,                 lr/pg0,                 lr/pg1,                 lr/pg2
                      1,                   1.25,                0.71058,                0.90176,                0.87472,                0.92102,                0.93378,                0.56276,                  1.134,                0.62668,                0.79304,             0.00066606,             0.00066606,             0.00066606
                      2,                 1.2388,                0.70697,                0.90027,                0.87296,                0.92513,                0.93146,                0.52247,                 1.2074,                0.71685,                0.81881,              0.0010688,              0.0010688,              0.0010688
                      3,                 1.2841,                0.73166,                0.91093,                0.87146,                0.90037,                0.92847,                0.51975,                 1.1958,                0.81543,                0.80877,              0.0012076,              0.0012076,              0.0012076
                      4,                 1.3007,                0.76128,                0.90885,                0.85923,                0.91087,                0.93646,                0.56272,                 1.1334,                0.63344,                0.79447,               0.000812,               0.000812,               0.000812
                      5,                 1.3189,                0.75967,                0.92563,                0.86626,                0.92363,                0.94013,                0.57516,                   1.12,                0.59835,                0.78843,               0.000416,               0.000416,               0.000416
