                  epoch,         train/box_loss,         train/cls_loss,         train/dfl_loss,   metrics/precision(B),      metrics/recall(B),       metrics/mAP50(B),    metrics/mAP50-95(B),           val/box_loss,           val/cls_loss,           val/dfl_loss,                 lr/pg0,                 lr/pg1,                 lr/pg2
                      1,                 1.3046,                0.75388,                0.91091,                0.85884,                0.91355,                0.92931,                0.55372,                 1.1334,                0.66822,                0.79482,             0.00066606,             0.00066606,             0.00066606
                      2,                 1.2821,                0.75925,                0.91189,                0.85521,                0.91076,                 0.9339,                0.53543,                 1.1807,                0.73511,                 0.8084,              0.0010688,              0.0010688,              0.0010688
                      3,                 1.3299,                0.78383,                0.92363,                0.86493,                0.90642,                0.93398,                0.52725,                 1.1989,                0.71408,                0.81093,              0.0012076,              0.0012076,              0.0012076
                      4,                  1.328,                0.78525,                0.91607,                0.86988,                 0.9082,                0.94266,                 0.5571,                 1.1577,                0.62249,                0.80272,               0.000812,               0.000812,               0.000812
                      5,                  1.341,                0.77885,                0.93257,                0.87271,                0.92267,                0.94866,                0.57989,                 1.1153,                0.58099,                0.78677,               0.000416,               0.000416,               0.000416
